Input Text Index,Input Tokens,Tempo di inferenza,Uso CPU prima,Uso CPU dopo,Uso memoria prima,Uso memoria dopo,Perplexity,Bleu,Hallucination
0,1,25.625945806503296,6.5,10.2,2926067712,3804184576,3.874007225036621,0,0.004065694287419319
1,10,30.542234897613525,13.7,10.5,3056975872,4207050752,5.912864685058594,0.11986062961075741,0.013735315762460232
0,1,29.880290031433105,16.1,10.7,2492088320,2969419776,2.9643020629882812,0,0.011964903213083744
