Input Text Index,Input Tokens,Tempo di inferenza,Uso CPU prima,Uso CPU dopo,Uso memoria prima,Uso memoria dopo,Perplexity,Bleu,Hallucination
0,1,16.24582600593567,15.3,20.6,2955689984,4065296384,nan,0,0.6429899334907532
1,10,17.906593084335327,5.0,23.7,4034707456,4020174848,2.6249732971191406,0.04761298946116126,0.4702697694301605
