Input Text Index,Input Tokens,Tempo di inferenza,Uso CPU prima,Uso CPU dopo,Uso memoria prima,Uso memoria dopo,Perplexity,Bleu
0,0,63.03102779388428,0.7,0.0,951767040,1342705664,2.0071520805358887,0
1,8,61.908602237701416,0.2,0.2,1342705664,1349525504,1.673529028892517,1.0
2,0,61.692864418029785,0.0,0.0,1349525504,1471741952,2.0071520805358887,0
3,183,64.5353889465332,0.0,0.2,1471729664,1357537280,15.79786491394043,0.6271100655837559
