Input Text Index,Input Tokens,Tempo di inferenza,Uso CPU prima,Uso CPU dopo,Uso memoria prima,Uso memoria dopo,Perplexity,Bleu
0,0,2.1398427486419678,10.6,39.8,2835267584,2859040768,2.007152795791626,0
1,8,2.0388879776000977,24.2,18.6,2898313216,2993553408,1.673529863357544,1.0
2,0,1.950652837753296,4.2,23.4,2961244160,2816802816,2.007152795791626,0
3,183,2.294793128967285,2.4,24.4,2811314176,2878685184,15.79786491394043,0.6271100655837559
4,188,2.577977180480957,10.9,19.6,3058909184,2753822720,30.432464599609375,0.6203427560060726
